question,answer
Has anyone used Erlang or Elixir in production? How does it compare to Python or Go?,
Is Object Oriented Programming (OOP) terrible when writing software that deals with huge data and has to be performant in complex cloud-native setups? What do people exactly mean when they refer to 'OOP' and 'OOP developers'?,
"How do you track inferences over time for ML observability and what tools do you suggest to use for this? Do these tools support unstructured data like images, voice, and text?",
"Is there a blog or repo with code for a simple model built and deployed in Sagemaker, Kubeflow, and MetaFlow? Any insights on DX differences? Any comparable refarchs available? Any suggestions on good use cases where these tools excel? ",
"What are some best practices or open source frameworks for caching pre-computed ML predictions, especially for high cardinality use cases that require invalidation and re-triggering on a regular basis?",
What are some examples of ML tooling companies with good documentation?,
What are the opinions of MLOps.community Slack channel members on TensorFlow Extended (TFX) for model development and productionization and how does it compare to other options?,
"What are the best practices for batch model & online prediction architecture, and what approach should be used for scalable API?",
How do people manage different versioning schemes on their inference services?,
How do you determine whether or not you are able to reproduce models?,
What were the best MLOps conferences/events attended this year and why?,
What are the challenges faced and recommendations for alternatives for building an end-to-end MLOps engine with Kubeflow and AWS?,
"Are there any published benchmarks for the compute (cpu/gpu) needed by trained models in production such as spacy, mt5, and bert?",
"When deploying Tensorflow models, is there a reason not to convert to TFLite and use their runtime? Is it faster even if not using edge devices?",
What are the best practices for version controlling Jupyter Notebooks?,
Are there any ML/MLOps/Engineering summer schools that are engineer focused for people that are not in academia? ,
"What are the best practices for logging, monitoring, and alerting with microservices and what are the critical things to log, monitor, and alert for initial deployment of microservices?",
"Has anyone written or come across detailed lists of what MLOps engineer would require? Model deployment is a broad category, and we’re looking for something more targeted, perhaps inference resource management.",
"Is pyspark/spark still necessary for analytics on big data or are there alternative tools like Redshift, Snowflake and BigQuery? What are the downsides of other solutions compared to spark?",
Is it feasible to use DVC as a data/model repo and stream models into memory for microservices in k8s? Is there a recommended way to fetch the latest committed model in PR?,
What are some other signals worth watching regarding the pullback on funding for Cloud ML products and where does Pitchbook get their data from?,
"When working with large image datasets for computer vision, what are the benefits and drawbacks of running augmentations in memory vs. in a pipeline with the results stored in S3?",
What are some good resources for scaling inference workloads on multiple GPUs using Kubernetes clusters or other solutions?,
What are the pros and cons of using Dask to run data pipelines for ML compared to using Spark?,
What's the general way to answer if a model can run with a particular runtime?,
Has anyone set up distributed multi-node GPU training in Pytorch using torch elastic? Are there any resources or performance benchmark analysis available? Any insights on using Horovod?,
Is there an open-source platform/tool that allows defining on-demand scoring flows?,
Are successful DS/MLEs expected to be more proficient with coding and ops than normal SWEs?,
What model serving tools would you recommend for quickly deploying multiple ML models into production with flexibility for custom preprocessing?,
"What are the experiences and thoughts of users heavily using or evaluating AWS SageMaker, and what tools have they found useful and where did they find value? Are there any gaps or issues requiring tools outside of the AWS ecosystem?",
"Has anyone used serverless GPU providers like banana.dev, slai.io or any other serverless GPU provider for production use cases? Would like to connect/chat to understand more about how you are using it.",
"What options are available for improving a machine vision application's generic pipeline consisting of image retrieval from cameras, running algorithms, storing images, sending data to a visualization platform, etc.?",
What should be the standard practice when deploying your model weights with Docker and what are the common mistakes people make when downloading or baking their model weights?,
What are some preferred methods for converting PyTorch models to TensorRT for deployment using Nvidia Triton? Are there any issues with using TensorRT for dynamic batching?,
How to resolve the issue of a pod remaining unschedulable despite adding tolerations?,
What would be the checklist for taking over an ML project for maintenance or further enhance the model between two teams with similar skill sets?,
"What is the best solution to manage multiple models in a system pipeline, and how to handle dynamic mapping of models when using RESTful containers?",
Has anyone worked with AWS EKS for managing ML pipelines in combination with AWS SageMaker and CI/CD? ,
What is the preferred way to deploy multiclass classifiers?,
Is the 'operations' tag in MLOps limiting? How do people typically define MLOps? ,
Is it possible to install two versions of the same pip packages to the same python environment and choose which to load? What's the least hacky workaround?,
"What resources are available to help train an ML model more effectively, specifically an XGBoost model on historical data that is performing poorly? How can one avoid trial and error while retraining the model, and is there a way to understand what is causing the performance issues?",
What are some recommended open source visualization tools for EDA?,
"As the only data scientist for an ecommerce startup, what can I do? Any suggestions?",
When should we use Prometheus Alertmanager instead of configuring alerts in Grafana when using Prometheus and Grafana together?,
What is the best tool for env management of python in 2023?,
"What are some strategies for incorporating more recent data into an ML model, retraining it, and validating that it has better performance than the existing model, without biased evaluation?",
Does anyone else have a platform for making sure data stays private and secure?,
What are some methods and resources for building dynamic pricing models in short term rentals and how can demand be factored into these models?,
How can I access the recorded version of the LLMs for the production conference held on the 13th of April 2023?,
"When building/evaluating a framework for ML experimentation, training pipelines, do we bake off kubeflow/mlflow/weights and biases or build our own software stack that just abstracts those implementations? Has anybody released to OSS their own code stack?",
"What are some options for packaging models without separating them from their underlying runtime, and has anyone had experience with using ONNX?",
"How do you deal with access given to Data Scientists and ML Engineers/SE in a model registry, specifically with regards to S3, and what are some proposed solutions?",
What is a good experiment management tool for non-production purposes with the ability to scale GPU on demand and compare experiment results?,
What are the downsides of models in container images and what alternatives are there?,
What are the best practices for multi-tenant MLOps flow in Databricks? How can multi-tenant models be trained in Databricks?,
What is the experience with using synthetic data in a production-ready machine learning workflow and how to deal with errors in the data?,
Is ML part of the apps and tools we buy or do companies also try to do ML in-house?,
How do you operationalize training a model back and forth between notebooks and an automated pipeline?,
What meeting framework or outline would be recommended for early discussions on developing better MLOps practices? ,
How are other people handling the 'batch in disguise' problem which involves requests coming in for individual keys/inputs with a third-party marketing system that is largely outside of one's control?,
What are the things to be learnt in MLops for someone new to it?,
How does one deal with refactoring and maintainability in data science when it's more dynamic and iterative than software development?,
"What tools can be recommended for a team to unify research and MLOps development teams, for quick deployment and management of different ML models with versioning?",
How do I integrate MLflow in ZenML for experiment tracking?,
Is it possible to have multiple containers share a single GPU with AWS ECS Agent updates?,
What decision framework can be used to choose a specific ML tool from the countless options available?,
"What are some good resources with examples, preferably with diagrams, that show how other companies have structured their data architecture and task orchestration ecosystems?",
Are RNNs and LSTMs still used for NLP tasks or has Transformers taken over? Are these models productionized and how much resources are required monetarily?,
Is it possible to get two metrics from two runs into the same plot in Neptune?,
"What are the other options available to migrate from training on demand architecture, and can Celery be used to build task queues instead of handling requests on gRPC server threadpool? Also, what are the ways to handle GIL issues? ",
"What are the recommended experiment tracking libraries for a simple application with input parameters, and tie it to a resulting model, and is MLFlow the best option available?",
What do people use for renting cloud GPUs?,
What is Vertex Feature Store and is it based on Feast?,
"Is there a model registry that can accommodate models with a combination of weights, architecture, and code for pre- and post-processing? How can MLFLow artifacts be utilized with the MLFlow model registry?",
What is the best practice for running FastAPI services in k8s/ECS/etc and how should uvicorn workers and containers be configured for optimal performance?,
What framework did the guys from Mage use to build their UI and did they have a designer? ,
How can we communicate about ML without complicated things?,
What are people's thoughts on AutoML and are there successful use cases? How can AutoML models be improved upon? Are there any limitations to using AutoML in regulated industries?,
What are some resources or guidance for improving MLOps knowledge and skills specifically for computer vision models?,
What is the best way to give a heads up to community to come and attend a Kubeflow event hosted by a company in New York City?,
What are some options for integrating a Python-trained ML model into a Matlab workflow for deployment on a rapid prototyping machine?,
"Are there many people in the MLOps community who work as independent contractors and/or work only four days a week, and is it possible to find work with a better work-life balance than corporate jobs in the field of MLOps?",
How can I get kfserving to work properly on a private cluster?,
What are the experiences of using Ray/Anyscale and how seamless is the shift from research to productization? Has anyone used Ray in Computer Vision space?,
"What is the most effective way to do scalable real-time inference of custom models in AWS? Specifically, between using Lambda to call a model hosted on SageMaker or calling an ELB that routes to an autoscaling ECS service hosted on Fargate?",
Which feature store solutions offer feature versioning? Can AWS Sagemaker FS offer feature versioning? How does SMFS eliminate the need for Glue jobs?,
"Is there a link provided for virtual workshops in the mlops world conference? If so, where can it be found?",
"What MLOps technologies and projects would be recommended for deploying PyTorch models to Kubernetes containers for non-trivial orchestration needs involving monitoring drift, automatic retraining, data validation, and model and data versioning? Additionally, what distributed training tools and orchestration and DAG tools would pair well with Seldon if automation of its deployment is desired?",
"What are some examples of effective data wrangling to model building pipelines for NLP preprocessing of clinical notes, cleaning/standardizing structured data, and training patient-level embeddings for downstream tasks?",
What is the most common language used for developing computer vision models and how does deployment on edge devices or cloud affect the choice of language?,
"What tools are available for data observability, monitoring drift in predictions, and overall data health before consumption into a feature store and/or models?",
"When prototyping infrastructure on multiple local machines, should one use docker containers or VMs?",
"What are some recommendations for a small team trying to implement MLOps, specifically around toolset, Python programming, CI/deployment, project scaffolding, documentation, project registry, data exploration/preparation, tests, feature store, data versioning, experimenting, and training?",
How can data mesh and feature stores coexist? Should there be a centralized team to maintain a feature store with multiple data products or should a data product use a feature store and serve the online and historical data as different ways of consuming the features?,
"What is the best method to use for deployment in MLOps, MLflow + Seldon or Kubeflow? And can MLflow and Kubeflow or Seldon be used together for deployment?",